{
  "name": "IOTAppStory-ESP",
  "keywords": "esp8266, esp32, IOT, IAS, wifi, wi-fi, OTA",
  "description": "Update your ESP8266, ESP32 & Nextion displays over the air(OTA)",
  "repository":
  {
    "type": "git",
    "url": "https://github.com/iotappstory/ESP-Library.git"
  },
  "frameworks": "arduino",
  "platforms": "espressif32",
  "dependencies":
  {
    "name": "ESP Async WebServer",
    "platforms": ["espressif8266", "espressif32"],
    "authors": "Hristo Gochkov"
  },
  "version": "2.1.0-RC5.1"
}
